buffer,dye,n_tracks,length_buffer,length_dye,length_total,norm_tot_buf,norm_tot_dye,index
23194,2322,25516,9.10081606606607,5.777289189189189,14.878105255255258,37917.78350263444,5979.78727936089,-0.7275572578237741
