buffer,dye,n_tracks,length_buffer,length_dye,length_total,norm_tot_buf,norm_tot_dye,index
21221,19344,40565,9.248962287104618,5.984935066909973,15.23389735401459,34952.95209499073,49237.71220933298,0.16967154532368547
